<?xml version="1.0"?>
<script xmlns:xsi="http://www.w3.org/2001/XMLSchema-instance" xmlns:xsd="http://www.w3.org/2001/XMLSchema" id="urn:uuid:6c46fb75-a91f-440c-96ed-381fc9f3d41c" chaining="implicit">
  <commands>
    <command xsi:type="ExecuteModuleCommand" id="urn:uuid:731f48f3-4187-4dcc-bb98-233a5f5f0b60">
      <module name="w32drivers-signature" version="2.1.4.0" />
      <config xsi:type="ParameterListModuleConfig">
        <parameters>
          <param name="enumerate imports">
            <value xsi:type="xsd:boolean">true</value>
          </param>
          <param name="enumerate exports">
            <value xsi:type="xsd:boolean">true</value>
          </param>
          <param name="Verify Digital Signatures">
            <value xsi:type="xsd:boolean">true</value>
          </param>
          <param name="MD5">
            <value xsi:type="xsd:boolean">true</value>
          </param>
          <param name="SHA1">
            <value xsi:type="xsd:boolean">false</value>
          </param>
          <param name="SHA256">
            <value xsi:type="xsd:boolean">false</value>
          </param>
          <param name="strings">
            <value xsi:type="xsd:boolean">true</value>
          </param>
          <param name="Preserve Times">
            <value xsi:type="xsd:boolean">false</value>
          </param>
          <param name="raw mode">
            <value xsi:type="xsd:boolean">false</value>
          </param>
          <param name="shortest matched string">
            <value xsi:type="xsd:int">8</value>
          </param>
        </parameters>
      </config>
      <filters />
    </command>
    <command xsi:type="ExecuteModuleCommand" id="urn:uuid:17e0b861-de10-41a9-bf39-a505c3f89e24">
      <module name="w32drivers-modulelist" version="1.4.46.0" />
      <config xsi:type="ParameterListModuleConfig">
        <parameters />
      </config>
      <filters />
    </command>
    <command xsi:type="ExecuteModuleCommand" id="urn:uuid:9189988c-8773-45ad-be84-683903cf9e8f">
      <module name="w32kernel-hookdetection" version="1.4.46.0" />
      <config xsi:type="ParameterListModuleConfig">
        <parameters>
          <param name="idt">
            <value xsi:type="xsd:boolean">true</value>
          </param>
          <param name="ssdt_index">
            <value xsi:type="xsd:boolean">true</value>
          </param>
          <param name="ssdt_inline">
            <value xsi:type="xsd:boolean">true</value>
          </param>
          <param name="drivers">
            <value xsi:type="xsd:boolean">true</value>
          </param>
          <param name="Verify Digital Signatures">
            <value xsi:type="xsd:boolean">true</value>
          </param>
        </parameters>
      </config>
      <filters />
    </command>
    <command xsi:type="ExecuteModuleCommand" id="urn:uuid:bab16409-fc44-4146-9760-796d9aa9e78c">
      <module name="w32processes-memory" version="2.1.4.0" />
      <config xsi:type="ParameterListModuleConfig">
        <parameters>
          <param name="pid" />
          <param name="process name" />
          <param name="handles">
            <value xsi:type="xsd:boolean">true</value>
          </param>
          <param name="sections">
            <value xsi:type="xsd:boolean">true</value>
          </param>
          <param name="ports">
            <value xsi:type="xsd:boolean">true</value>
          </param>
          <param name="enumerate imports">
            <value xsi:type="xsd:boolean">true</value>
          </param>
          <param name="enumerate exports">
            <value xsi:type="xsd:boolean">true</value>
          </param>
          <param name="detect injected dlls">
            <value xsi:type="xsd:boolean">true</value>
          </param>
          <param name="Verify Digital Signatures">
            <value xsi:type="xsd:boolean">true</value>
          </param>
          <param name="MD5">
            <value xsi:type="xsd:boolean">true</value>
          </param>
          <param name="SHA1">
            <value xsi:type="xsd:boolean">false</value>
          </param>
          <param name="SHA256">
            <value xsi:type="xsd:boolean">false</value>
          </param>
          <param name="MemD5">
            <value xsi:type="xsd:boolean">false</value>
          </param>
          <param name="strings">
            <value xsi:type="xsd:boolean">true</value>
          </param>
          <param name="Preserve Times">
            <value xsi:type="xsd:boolean">false</value>
          </param>
          <param name="raw mode">
            <value xsi:type="xsd:boolean">false</value>
          </param>
          <param name="Content Regex" />
          <param name="shortest matched string">
            <value xsi:type="xsd:int">8</value>
          </param>
        </parameters>
      </config>
      <filters />
    </command>
    <command xsi:type="ExecuteModuleCommand" id="urn:uuid:dde84d8f-b87d-487e-8a02-719b7ff842c7">
      <module name="w32system" version="1.4.36.0" />
      <config xsi:type="ParameterListModuleConfig">
        <parameters>
          <param name="Prevent Hibernation">
            <value xsi:type="xsd:boolean">true</value>
          </param>
        </parameters>
      </config>
      <filters />
    </command>
    <command xsi:type="ExecuteModuleCommand" id="urn:uuid:32e80ffb-df0e-4264-b27a-5bc32d9af75d">
      <module name="w32disks" version="1.4.36.0" />
      <config xsi:type="ParameterListModuleConfig">
        <parameters>
          <param name="Prevent Hibernation">
            <value xsi:type="xsd:boolean">true</value>
          </param>
        </parameters>
      </config>
      <filters />
    </command>
    <command xsi:type="ExecuteModuleCommand" id="urn:uuid:b8ee6e4d-68c1-4ed8-9576-fc3e55dc24ca">
      <module name="w32eventlogs" version="1.4.36.0" />
      <config xsi:type="ParameterListModuleConfig">
        <parameters>
          <param name="eventlog" />
          <param name="eventlogfullpath" />
          <param name="Prevent Hibernation">
            <value xsi:type="xsd:boolean">true</value>
          </param>
        </parameters>
      </config>
      <filters />
    </command>
    <command xsi:type="ExecuteModuleCommand" id="urn:uuid:bda3f267-277a-48d6-aa71-dff9b5f4c8f4">
      <module name="w32apifiles" version="1.4.36.0" />
      <config xsi:type="ParameterListModuleConfig">
        <parameters>
          <param name="Path">
            <value xsi:type="xsd:string">%systemdrive%</value>
          </param>
          <param name="Regex" />
          <param name="MD5">
            <value xsi:type="xsd:boolean">true</value>
          </param>
          <param name="SHA1">
            <value xsi:type="xsd:boolean">false</value>
          </param>
          <param name="SHA256">
            <value xsi:type="xsd:boolean">false</value>
          </param>
          <param name="Preserve Times">
            <value xsi:type="xsd:boolean">false</value>
          </param>
          <param name="Analyze Entropy">
            <value xsi:type="xsd:boolean">true</value>
          </param>
          <param name="Enumerate Imports">
            <value xsi:type="xsd:boolean">true</value>
          </param>
          <param name="Enumerate Exports">
            <value xsi:type="xsd:boolean">false</value>
          </param>
          <param name="Analyze File Anomalies">
            <value xsi:type="xsd:boolean">false</value>
          </param>
          <param name="Scan Entry Point Distance">
            <value xsi:type="xsd:int">8</value>
          </param>
          <param name="Verify Digital Signatures">
            <value xsi:type="xsd:boolean">true</value>
          </param>
          <param name="Minimum Sizes" />
          <param name="Maximum Sizes" />
          <param name="Filter MD5" />
          <param name="Filter SHA1" />
          <param name="Filter SHA256" />
          <param name="Content Regex" />
          <param name="AND Operator">
            <value xsi:type="xsd:boolean">false</value>
          </param>
          <param name="Strings">
            <value xsi:type="xsd:boolean">true</value>
          </param>
          <param name="Include Files">
            <value xsi:type="xsd:boolean">true</value>
          </param>
          <param name="Include Directories">
            <value xsi:type="xsd:boolean">true</value>
          </param>
          <param name="Get Resources">
            <value xsi:type="xsd:boolean">true</value>
          </param>
          <param name="Get Resource Data">
            <value xsi:type="xsd:boolean">false</value>
          </param>
          <param name="Get Version Info">
            <value xsi:type="xsd:boolean">false</value>
          </param>
          <param name="Exclude Resource Types" />
          <param name="Prevent Hibernation">
            <value xsi:type="xsd:boolean">true</value>
          </param>
          <param name="Depth">
            <value xsi:type="xsd:int">6</value>
          </param>
          <param name="shortest matched string">
            <value xsi:type="xsd:int">8</value>
          </param>
        </parameters>
      </config>
      <filters />
    </command>
    <command xsi:type="ExecuteModuleCommand" id="urn:uuid:112f35d9-5f00-4424-b68d-4a7bccebf967">
      <module name="w32network-dns" version="1.4.34.0" />
      <config xsi:type="ParameterListModuleConfig">
        <parameters>
          <param name="Prevent Hibernation">
            <value xsi:type="xsd:boolean">true</value>
          </param>
        </parameters>
      </config>
      <filters />
    </command>
    <command xsi:type="ExecuteModuleCommand" id="urn:uuid:59d0d211-9095-4629-a857-31e8fd073776">
      <module name="w32ports" version="1.4.36.0" />
      <config xsi:type="ParameterListModuleConfig">
        <parameters>
          <param name="Prevent Hibernation">
            <value xsi:type="xsd:boolean">true</value>
          </param>
        </parameters>
      </config>
      <filters />
    </command>
    <command xsi:type="ExecuteModuleCommand" id="urn:uuid:a6b8ef06-8d04-462e-bd4b-84e14a5fbf34">
      <module name="w32scripting-persistence" version="1.4.45.0" />
      <config xsi:type="ParameterListModuleConfig">
        <parameters>
          <param name="MD5">
            <value xsi:type="xsd:boolean">true</value>
          </param>
          <param name="SHA1">
            <value xsi:type="xsd:boolean">true</value>
          </param>
          <param name="SHA256">
            <value xsi:type="xsd:boolean">true</value>
          </param>
          <param name="Preserve Times">
            <value xsi:type="xsd:boolean">false</value>
          </param>
          <param name="Analyze Entropy">
            <value xsi:type="xsd:boolean">true</value>
          </param>
          <param name="Enumerate Imports">
            <value xsi:type="xsd:boolean">true</value>
          </param>
          <param name="Enumerate Exports">
            <value xsi:type="xsd:boolean">true</value>
          </param>
          <param name="Analyze File Anomalies">
            <value xsi:type="xsd:boolean">true</value>
          </param>
          <param name="Scan Entry Point Distance">
            <value xsi:type="xsd:int">8</value>
          </param>
          <param name="Verify Digital Signatures">
            <value xsi:type="xsd:boolean">false</value>
          </param>
          <param name="Get Resources">
            <value xsi:type="xsd:boolean">true</value>
          </param>
          <param name="Get Version Info">
            <value xsi:type="xsd:boolean">true</value>
          </param>
          <param name="lua_script" />
          <param name="Prevent Hibernation">
            <value xsi:type="xsd:boolean">true</value>
          </param>
        </parameters>
      </config>
      <filters />
    </command>
    <command xsi:type="ExecuteModuleCommand" id="urn:uuid:203b887c-9d1c-42e4-bf6e-6a5c16cf0353">
      <module name="w32registryapi" version="1.4.36.0" />
      <config xsi:type="ParameterListModuleConfig">
        <parameters>
          <param name="Path" />
          <param name="Path Regex" />
          <param name="Value Regex" />
          <param name="Type" />
          <param name="Prevent Hibernation">
            <value xsi:type="xsd:boolean">true</value>
          </param>
        </parameters>
      </config>
      <filters />
    </command>
    <command xsi:type="ExecuteModuleCommand" id="urn:uuid:e9adff38-b12c-455a-ba28-c5b60eb34079">
      <module name="w32services" version="1.4.36.0" />
      <config xsi:type="ParameterListModuleConfig">
        <parameters>
          <param name="MD5">
            <value xsi:type="xsd:boolean">true</value>
          </param>
          <param name="SHA1">
            <value xsi:type="xsd:boolean">true</value>
          </param>
          <param name="SHA256">
            <value xsi:type="xsd:boolean">false</value>
          </param>
          <param name="Verify Digital Signatures">
            <value xsi:type="xsd:boolean">true</value>
          </param>
          <param name="Preserve Times">
            <value xsi:type="xsd:boolean">false</value>
          </param>
          <param name="raw mode">
            <value xsi:type="xsd:boolean">false</value>
          </param>
          <param name="Prevent Hibernation">
            <value xsi:type="xsd:boolean">true</value>
          </param>
        </parameters>
      </config>
      <filters />
    </command>
    <command xsi:type="ExecuteModuleCommand" id="urn:uuid:357947f5-44a3-47d7-91fc-39b7dd78ebaa">
      <module name="w32tasks" version="1.4.36.0" />
      <config xsi:type="ParameterListModuleConfig">
        <parameters>
          <param name="MD5">
            <value xsi:type="xsd:boolean">false</value>
          </param>
          <param name="SHA1">
            <value xsi:type="xsd:boolean">true</value>
          </param>
          <param name="SHA256">
            <value xsi:type="xsd:boolean">false</value>
          </param>
          <param name="Verify Digital Signatures">
            <value xsi:type="xsd:boolean">true</value>
          </param>
          <param name="Preserve Times">
            <value xsi:type="xsd:boolean">false</value>
          </param>
          <param name="raw mode">
            <value xsi:type="xsd:boolean">false</value>
          </param>
          <param name="Prevent Hibernation">
            <value xsi:type="xsd:boolean">true</value>
          </param>
        </parameters>
      </config>
      <filters />
    </command>
    <command xsi:type="ExecuteModuleCommand" id="urn:uuid:60a25e73-fa86-4702-a1a7-98d13903bc13">
      <module name="w32useraccounts" version="1.4.36.0" />
      <config xsi:type="ParameterListModuleConfig">
        <parameters>
          <param name="Prevent Hibernation">
            <value xsi:type="xsd:boolean">true</value>
          </param>
        </parameters>
      </config>
      <filters />
    </command>
    <command xsi:type="ExecuteModuleCommand" id="urn:uuid:d90d3757-36f2-4f46-8794-7c1b46ebf51b">
      <module name="w32volumes" version="1.4.36.0" />
      <config xsi:type="ParameterListModuleConfig">
        <parameters>
          <param name="Prevent Hibernation">
            <value xsi:type="xsd:boolean">true</value>
          </param>
        </parameters>
      </config>
      <filters />
    </command>
    <command xsi:type="ExecuteModuleCommand" id="urn:uuid:b36e2e25-d46e-4d00-93f7-5ada684dfede">
      <module name="filedownloadhistory" version="1.4.36.0" />
      <config xsi:type="ParameterListModuleConfig">
        <parameters>
          <param name="TargetBrowser" />
          <param name="PathToHistoryFiles" />
          <param name="Prevent Hibernation">
            <value xsi:type="xsd:boolean">true</value>
          </param>
        </parameters>
      </config>
      <filters />
    </command>
    <command xsi:type="ExecuteModuleCommand" id="urn:uuid:14811f8e-d8ee-4b69-827e-fef317870fb1">
      <module name="urlhistory" version="1.4.36.0" />
      <config xsi:type="ParameterListModuleConfig">
        <parameters>
          <param name="TargetBrowser" />
          <param name="PathToHistoryFiles" />
          <param name="GetThumbnails">
            <value xsi:type="xsd:boolean">false</value>
          </param>
          <param name="GetIndexedPageContent">
            <value xsi:type="xsd:boolean">false</value>
          </param>
          <param name="Prevent Hibernation">
            <value xsi:type="xsd:boolean">true</value>
          </param>
        </parameters>
      </config>
      <filters />
    </command>
    <command xsi:type="ExecuteModuleCommand" id="urn:uuid:fab60982-565a-4721-b753-cc3a7c2452cd">
      <module name="w32processes-API" version="1.4.36.0" />
      <config xsi:type="ParameterListModuleConfig">
        <parameters>
          <param name="Prevent Hibernation">
            <value xsi:type="xsd:boolean">true</value>
          </param>
        </parameters>
      </config>
      <filters />
    </command>
    <command xsi:type="ExecuteModuleCommand" id="urn:uuid:f91039b3-aed9-467a-bbd7-ff9c66433a85">
      <module name="w32processes-handle" version="1.4.36.0" />
      <config xsi:type="ParameterListModuleConfig">
        <parameters>
          <param name="Prevent Hibernation">
            <value xsi:type="xsd:boolean">true</value>
          </param>
        </parameters>
      </config>
      <filters />
    </command>
  </commands>
</script>